Produs,Categorie,Subcategorie
Baffle acustic din vata de sticla,Sisteme de tavane metalice,-
Baffle de perete,Sisteme de tavane metalice,-
Baffle din lemn,Sisteme de tavane metalice,-
Canopy acustic din vata de sticla,Sisteme de tavane metalice,-
Panou acustic placat cu vinil,Sisteme de tavane metalice,-
Panou din gips-carton acoperit cu vinil,Sisteme de tavane metalice,-
Panouri din vata de sticla pentru perete,Sisteme de tavane metalice,-
Panouri din vata de sticla pentru tavan,Sisteme de tavane metalice,-
Perete acustic din lemn,Sisteme de tavane metalice,-
Produs,Sisteme de tavane metalice,-
Sistem de sustinere T15,Sisteme de tavane metalice,-
Sistem de sustinere T15 cu canal,Sisteme de tavane metalice,-
Sistem de sustinere T24,Sisteme de tavane metalice,-
Tavan Baffle Vectoral,Sisteme de tavane metalice,-
Tavan Baffle extrudat,Sisteme de tavane metalice,-
Tavan Hook-On pentru coridoare,Sisteme de tavane metalice,-
Tavan Multipanel,Sisteme de tavane metalice,-
Tavan Open Cell Lamina,Sisteme de tavane metalice,-
Tavan Open Cell T15,Sisteme de tavane metalice,-
Tavan Open Cell autoportant,Sisteme de tavane metalice,-
Tavan Open Cell tip piramida,Sisteme de tavane metalice,-
Tavan acustic din lemn,Sisteme de tavane metalice,-
Tavan liniar tip F,Sisteme de tavane metalice,-
Tavan metalic Hook-On cu plasa,Sisteme de tavane metalice,-
Tavan metalic Lay-In cu plasa,Sisteme de tavane metalice,-
Tavan metalic Lay-On cu plasa,Sisteme de tavane metalice,-
Tavan suspendat Clip-In,Sisteme de tavane metalice,-
Tavan suspendat Hook-On,Sisteme de tavane metalice,-
Tavan suspendat Lay-In,Sisteme de tavane metalice,-
Tavan suspendat Lay-On,Sisteme de tavane metalice,-
Tavan tip Baffle,Sisteme de tavane metalice,-
Profile pentru placi de gips-carton,Tavane tip baffle si liniare,Tavane tip caseta
